epoch,time,total_power,headroom,avg_power,class0_p50,class0_p95,class0_p99,class0_qdel_p99,class0_throughput,class0_stall_busy_rate,class0_stall_full_rate,class0_stall_conflict_rate,class0_stall_reserved_rate,class0_stall_xbar_rate,class1_p50,class1_p95,class1_p99,class1_qdel_p99,class1_throughput,class1_stall_busy_rate,class1_stall_full_rate,class1_stall_conflict_rate,class1_stall_reserved_rate,class1_stall_xbar_rate
1,10000,0.71974,-0.41974,0.71974,17,24,27,0,7.6765,0,0,0,0.00023125,0.430063,17,24,27,2,17.8324,0,0,0,0.0006625,0.971275
2,20000,0.417635,-0.117635,0.568688,60,114,114,0,0.0015,0,0,0,0,0,49,196,213,2,0.0035,0,0,0,0,0
3,30000,0.49846,-0.19846,0.545279,0,0,0,0,0.0009,0,0,0,0,0,0,0,0,0,0.003,0,0,0,0,0
4,40000,0.436531,-0.136531,0.518092,46,118,170,0,7.6827,0,0,0.00041875,0.086725,2.66082,46,117,168,2,17.855,0,0,0.00058125,0.199594,6.14304
5,50000,0.477203,-0.177203,0.509914,35,77,109,0,7.6866,0,0,3.75e-05,0.0292188,1.85501,35,77,109,2,17.8904,0,0,0,0.0737437,4.25899
6,60000,0.455727,-0.155727,0.500883,47,123,177,0,7.6821,0,0,0.00063125,0.0949563,2.71088,46,122,178,2,17.9622,0,0,0.00125,0.225681,6.29087
7,70000,0.464659,-0.164659,0.495708,46,117,167,0,7.6847,0,0,0.00015625,0.08245,2.62437,45,117,167,2,17.8638,0,0,0.000725,0.2017,6.03131
8,80000,0.473993,-0.173993,0.492994,46,121,177,0,7.6684,0,0,0.00093125,0.0911813,2.65917,46,119,177,2,17.8542,0,0,0.001725,0.209537,6.08445
9,90000,0.484154,-0.184154,0.492011,47,123,175,0,7.7382,0,0,0.0001,0.091175,2.75255,46,123,174,2,17.9302,6.25e-06,0,0.00035,0.217656,6.30813
