epoch,time,domain,freq,dyn_power,leak_power,total_power,dyn_energy,leak_energy,total_energy,class0_energy,class1_energy
1,10000,0,1,0.768033,0,0.768033,7680.33,0,7680.33,2304.85,5375.49
2,20000,0,0.5,0.414008,0,0.414008,4140.08,0,4140.08,1785.48,2354.6
3,30000,0,0.96498,0.791352,0,0.791352,7913.52,0,7913.52,2323.94,5589.58
4,40000,0,0.5,0.423619,0,0.423619,4236.19,0,4236.19,2027.8,2208.4
