epoch,time,total_power,headroom,avg_power,class0_p50,class0_p95,class0_p99,class0_qdel_p99,class0_throughput,class0_stall_busy_rate,class0_stall_full_rate,class0_stall_conflict_rate,class0_stall_reserved_rate,class0_stall_xbar_rate,class1_p50,class1_p95,class1_p99,class1_qdel_p99,class1_throughput,class1_stall_busy_rate,class1_stall_full_rate,class1_stall_conflict_rate,class1_stall_reserved_rate,class1_stall_xbar_rate
1,10000,0.768033,-0.368033,0.768033,19,30,37,0,11.5086,0,0,0,0.0092625,1.48762,19,30,37,3,26.8069,0,0,0,0.0221187,3.39899
2,20000,0.414008,-0.0140079,0.591021,396,1152,1152,1,0.0015,0,0,0,0,0,328,945,1058,5890,0.0029,0,0,0,0,0
3,30000,0.791352,-0.391352,0.657798,0,0,0,0,0.0011,0,0,0,0,0,0,0,0,0,0.0029,0,0,0,0,0
4,40000,0.423619,-0.0236194,0.599253,344,1436,2414,9911,10.4451,5.12118,1.27545,6.16983,2.36318,6.30227,294,921,1555,17505,11.5967,2.41747,0.617881,4.20788,2.09661,8.06834
