epoch,time,total_power,headroom,avg_power,class0_p50,class0_p95,class0_p99,class0_qdel_p99,class0_throughput,class0_stall_busy_rate,class0_stall_full_rate,class0_stall_conflict_rate,class0_stall_reserved_rate,class0_stall_xbar_rate,class1_p50,class1_p95,class1_p99,class1_qdel_p99,class1_throughput,class1_stall_busy_rate,class1_stall_full_rate,class1_stall_conflict_rate,class1_stall_reserved_rate,class1_stall_xbar_rate
1,10000,0.71974,-0.41974,0.71974,17,24,27,0,7.6765,0,0,0,0.00023125,0.430063,17,24,27,2,17.8324,0,0,0,0.0006625,0.971275
2,20000,0.552203,-0.252203,0.635972,22,31,31,0,0.0008,0,0,0,0,0,20,30,30,1,0.0016,0,0,0,0,0
3,30000,0.571606,-0.271606,0.614517,0,0,0,0,0.0009,0,0,0,0,0,0,0,0,0,0.002,0,0,0,0,0
4,40000,0.579014,-0.279014,0.605641,23,37,47,0,7.7111,0,0,0,0.0021375,0.897719,23,37,47,2,17.9077,0,0,0,0.00535625,2.03058
5,50000,0.591983,-0.291983,0.602909,23,37,46,0,7.6639,0,0,0,0.00253125,0.8644,23,37,46,2,17.8523,0,0,0,0.0060125,1.98624
6,60000,0.597072,-0.297072,0.601937,24,39,50,0,7.6918,0,0,0,0.00325,0.931787,24,39,49,2,17.986,0,0,0,0.00643125,2.12553
