epoch,time,domain,freq,dyn_power,leak_power,total_power,dyn_energy,leak_energy,total_energy,class0_energy,class1_energy
1,10000,0,1,0.671601,0,0.671601,6716.01,0,6716.01,2018.46,4697.56
2,20000,0,1,0.69043,0,0.69043,6904.3,0,6904.3,2074.79,4829.51
3,30000,0,1,0.709137,0,0.709137,7091.37,0,7091.37,2140.22,4951.15
4,40000,0,0.986947,0.719374,0,0.719374,7193.74,0,7193.74,2139.78,5053.96
5,50000,0,0.972323,0.727579,0,0.727579,7275.79,0,7275.79,2172.1,5103.7
6,60000,0,0.960601,0.737878,0,0.737878,7378.78,0,7378.78,2207.69,5171.09
