epoch,time,total_power,headroom,avg_power,class0_p50,class0_p95,class0_p99,class0_qdel_p99,class0_throughput,class0_stall_busy_rate,class0_stall_full_rate,class0_stall_conflict_rate,class0_stall_reserved_rate,class0_stall_xbar_rate,class1_p50,class1_p95,class1_p99,class1_qdel_p99,class1_throughput,class1_stall_busy_rate,class1_stall_full_rate,class1_stall_conflict_rate,class1_stall_reserved_rate,class1_stall_xbar_rate
1,10000,0.71974,-0.41974,0.71974,17,24,27,0,7.6765,0,0,0,0.00023125,0.430063,17,24,27,2,17.8324,0,0,0,0.0006625,0.971275
2,20000,0.541045,-0.241045,0.630393,25,55,55,0,0.0015,0,0,0,0,0,27,40,40,1,0.0016,0,0,0,0,0
3,30000,0.553944,-0.253944,0.60491,0,0,0,0,0.0003,0,0,0,0,0,0,0,0,0,0.002,0,0,0,0,0
4,40000,0.511017,-0.211017,0.581437,38,107,156,0,7.6899,0,0,8.125e-05,0.243138,1.79628,38,107,156,2,17.8742,0,0,0.0002375,0.569562,4.14395
5,50000,0.522225,-0.222225,0.569594,38,108,159,0,7.6738,0,0,0.00035,0.252475,1.77356,37,108,158,2,17.8574,0,0,0.0004875,0.591762,4.07313
6,60000,0.549124,-0.249124,0.566183,37,104,155,0,7.6947,0,0,0.00026875,0.200644,1.73865,37,103,156,2,17.9946,0,0,0.0004125,0.471769,4.05259
7,70000,0.560384,-0.260384,0.565354,36,99,145,0,7.6848,0,0,0.00014375,0.181306,1.6991,36,100,146,2,17.8591,0,0,0.00049375,0.4366,3.91586
