epoch,time,total_power,headroom,avg_power,class0_p50,class0_p95,class0_p99,class0_qdel_p99,class0_throughput,class0_stall_busy_rate,class0_stall_full_rate,class0_stall_conflict_rate,class0_stall_reserved_rate,class0_stall_xbar_rate,class1_p50,class1_p95,class1_p99,class1_qdel_p99,class1_throughput,class1_stall_busy_rate,class1_stall_full_rate,class1_stall_conflict_rate,class1_stall_reserved_rate,class1_stall_xbar_rate
1,10000,0.768033,0.0319666,0.768033,19,30,37,0,11.5086,0,0,0,0.0092625,1.48762,19,30,37,3,26.8069,0,0,0,0.0221187,3.39899
2,20000,0.786834,0.0131655,0.777434,20,26,26,0,0.0005,0,0,0,0,0,18,31,31,1,0.0033,0,0,0,0,0
3,30000,0.805736,-0.00573606,0.786868,0,0,0,0,0.0012,0,0,0,0,0,0,0,0,0,0.0028,0,0,0,0,0
4,40000,0.820133,-0.0201326,0.795184,19,31,38,0,11.5221,0,0,0,0.0106062,1.54987,19,31,38,3,26.9016,0,0,0,0.0236625,3.51349
5,50000,0.825775,-0.0257746,0.801302,20,32,40,0,11.5123,0,0,0,0.0126,1.60636,20,32,40,3,26.8013,0,0,0,0.0265438,3.65614
6,60000,0.839936,-0.0399362,0.807741,20,32,41,0,11.6146,0,0,0,0.0125688,1.65881,20,32,40,3,26.9084,0,0,0,0.02875,3.79454
